"","Detail","Price","Mileage"
"1","2019 Porsche Macan Base","$53,494","18,829 mi."
"2","2013 Porsche Panamera 4S","$25,495","100,436 mi."
"3","2020 Porsche 911 Carrera","$121,900","12,677 mi."
"4","2016 Porsche 911 R","$499,900","1,800 mi."
"5","2016 Porsche Macan S","$35,590","47,997 mi."
"6","2022 Porsche 718 Cayman S","$96,900","2,227 mi."
"7","2020 Porsche Cayenne ","$72,900","28,927 mi."
"8","2010 Porsche Cayman S","$49,900","41,772 mi."
"9","2015 Porsche Cayman Base","$51,995","15,589 mi."
"10","2018 Porsche 718 Boxster GTS","$75,900","17,164 mi."
"11","2020 Porsche Cayenne Turbo Coupe AWD","$123,663","6,685 mi."
"12","2004 Porsche Carrera GT Base (M6)","$1,749,995","2,282 mi."
"13","2020 Porsche Macan S","$56,995","27,616 mi."
"14","2022 Porsche Cayenne Base (Tiptronic)","$82,990","6,204 mi."
"15","2000 Porsche 911 Carrera Cabriolet","$24,491","78,445 mi."
"16","2000 Porsche Boxster S","$15,900","43,536 mi."
"17","2014 Porsche Cayman Base","$41,995","61,058 mi."
"18","2020 Porsche Macan S","$67,585","6,985 mi."
"19","2020 Porsche Cayenne E-Hybrid AWD","$86,991","21,410 mi."
"20","2012 Porsche Panamera Turbo","$47,500","46,502 mi."
"21","2021 Porsche Taycan Cross Turismo 4","$106,990","3,036 mi."
"22","2001 Porsche 911 Carrera Cabriolet","$25,739","50,382 mi."
"23","2022 Porsche Cayenne Turbo GT","$231,299","2,500 mi."
"24","2006 Porsche Boxster ","$19,503","83,531 mi."
"25","2018 Porsche Panamera Sport Turismo 4","$79,990","12,619 mi."
"26","2019 Porsche Cayenne Turbo","$102,025","36,237 mi."
"27","2001 Porsche 911 Carrera Cabriolet","$28,895","29,758 mi."
"28","2016 Porsche Panamera GTS","$61,394","32,631 mi."
"29","2007 Porsche 911 Targa 4","$59,800","39,739 mi."
"30","2020 Porsche Macan Base","$53,495","3,792 mi."
"31","2005 Porsche 911 Carrera","$46,900","48,082 mi."
"32","2022 Porsche Taycan Base","$102,900","4,140 mi."
"33","2016 Porsche Panamera GTS","$58,995","53,756 mi."
"34","1993 Porsche 928 GTS","$79,700","44,886 mi."
"35","2022 Porsche Taycan Cross Turismo Turbo S","$239,992","344 mi."
"36","2021 Porsche 718 Cayman GT4","$137,900","4,900 mi."
"37","2022 Porsche 911 GT3","$275,000","1,887 mi."
"38","2014 Porsche Panamera E-Hybrid S","$45,800","37,500 mi."
"39","2011 Porsche Cayman S","$39,500","66,704 mi."
"40","2019 Porsche Cayenne Base","$54,977","46,184 mi."
"41","2018 Porsche Panamera 4","$65,831","38,458 mi."
"42","2020 Porsche 718 Cayman GT4","$144,995","6,678 mi."
"43","2022 Porsche Taycan Turbo S","$205,800","1,674 mi."
"44","2008 Porsche Cayman S","$44,995","10,510 mi."
"45","2014 Porsche 911 Carrera S","$89,999","17,800 mi."
"46","2016 Porsche 911 Turbo S","$159,999","28,508 mi."
"47","2016 Porsche 911 Targa 4S","$126,990","25,549 mi."
"48","2022 Porsche Cayenne Base","$81,884","3,040 mi."
"49","2022 Porsche Taycan GTS","$154,444","4,917 mi."
"50","2005 Porsche Boxster S","$24,787","52,635 mi."
"51","2007 Porsche Cayman ","$28,995","55,183 mi."
"52","2016 Porsche Panamera 4","$45,998","47,346 mi."
"53","2008 Porsche Cayman ","$28,990","43,611 mi."
"54","2020 Porsche Macan S","$62,777","19,488 mi."
"55","2007 Porsche 911 Carrera","$48,995","58,039 mi."
"56","2019 Porsche Panamera 4","$65,550","45,993 mi."
"57","2022 Porsche 718 Spyder Base","$136,990","3,793 mi."
"58","1990 Porsche 911 Carrera 2 Cabriolet","$48,995","101,559 mi."
"59","2016 Porsche Panamera 4 Edition","$49,800","33,102 mi."
"60","2022 Porsche 718 Spyder Base","$147,000","1,255 mi."
"61","2015 Porsche 911 Targa 4S","$113,421","39,082 mi."
"62","2020 Porsche Macan S","$65,991","12,031 mi."
"63","2020 Porsche Panamera Sport Turismo Turbo","$147,995","14,335 mi."
"64","2016 Porsche Cayenne GTS","$49,997","43,896 mi."
"65","2022 Porsche 718 Cayman GT4","$165,000","3,888 mi."
"66","2006 Porsche 911 Carrera S Cabriolet","$56,800","30,800 mi."
"67","2016 Porsche Panamera E-Hybrid S","$42,999","53,697 mi."
"68","2007 Porsche Cayman S","$28,888","69,966 mi."
"69","2019 Porsche 718 Cayman Base","$60,995","32,806 mi."
"70","2022 Porsche Taycan Cross Turismo 4S","$173,324","7,829 mi."
"71","2016 Porsche 911 4 GTS","$152,995","32,219 mi."
"72","2018 Porsche 718 Cayman S","$77,995","6,831 mi."
"73","2020 Porsche 911 Carrera 4S","$155,995","16,984 mi."
"74","2022 Porsche Cayenne Turbo GT","$209,995","1,894 mi."
"75","2015 Porsche 911 GT3","$155,995","13,506 mi."
"76","2015 Porsche Panamera Turbo","$59,359","62,593 mi."
"77","2016 Porsche Panamera 2","$44,768","72,841 mi."
"78","2018 Porsche Panamera 4S","$79,750","8,818 mi."
"79","2013 Porsche Panamera GTS","$39,950","87,105 mi."
"80","2018 Porsche Panamera E-Hybrid 4","$81,995","20,331 mi."
"81","2017 Porsche Macan Base","$37,114","65,613 mi."
"82","2021 Porsche 718 Boxster S","$89,994","593 mi."
"83","2019 Porsche Panamera E-Hybrid 4","$86,995","22,060 mi."
"84","2011 Porsche Panamera 4","$27,995","79,189 mi."
"85","2018 Porsche Panamera 4","$59,225","61,365 mi."
"86","2022 Porsche Macan Base","$67,992","4,089 mi."
"87","2015 Porsche Boxster Base","$42,884","30,272 mi."
"88","2015 Porsche Panamera 4","$45,500","49,611 mi."
"89","1977 Porsche 924 ","$6,991","55,217 mi."
"90","2012 Porsche Cayenne Base","$16,994","112,177 mi."
"91","2013 Porsche Cayenne Hybrid S","$23,900","53,201 mi."
"92","2017 Porsche Panamera 4","$69,871","35,056 mi."
"93","2015 Porsche Cayman Base","$44,899","54,114 mi."
"94","2018 Porsche 718 Boxster S","$77,661","12,381 mi."
"95","2016 Porsche Panamera 4","$41,994","53,359 mi."
"96","2021 Porsche Taycan 4S","$124,108","12,746 mi."
"97","2022 Porsche Panamera Sport Turismo GTS","$168,995","1,854 mi."
"98","1999 Porsche 911 Carrera Cabriolet","$26,998","91,230 mi."
"99","2018 Porsche Cayenne Platinum Edition","$46,205","21,556 mi."
"100","2014 Porsche Cayman S","$43,997","67,773 mi."
"101","2006 Porsche 911 Carrera S Cabriolet","$57,995","36,561 mi."
"102","2019 Porsche 911 GT3 RS","$278,000","3,088 mi."
"103","2021 Porsche 911 Turbo S","$256,000","2,227 mi."
"104","2018 Porsche Panamera 4S","$89,900","20,278 mi."
"105","2013 Porsche Cayenne Base","$28,590","78,943 mi."
"106","2022 Porsche Panamera GTS","$151,900","5,012 mi."
"107","2004 Porsche Carrera GT Base (M6)","$2,499,900","809 mi."
"108","2014 Porsche 911 Turbo S","$152,900","11,568 mi."
"109","2022 Porsche 911 Carrera S","$159,993","3,686 mi."
"110","2011 Porsche 911 Carrera GTS","$89,900","23,726 mi."
"111","2020 Porsche 911 Carrera 4S","$140,697","10,824 mi."
"112","2017 Porsche Cayenne S","$45,900","70,993 mi."
"113","2016 Porsche 911 Turbo S","$143,999","34,418 mi."
"114","2020 Porsche Macan Base","$50,990","30,733 mi."
"115","2020 Porsche 911 Carrera 4S","$149,490","11,204 mi."
"116","2015 Porsche 911 GT3","$152,990","17,212 mi."
"117","2011 Porsche Panamera S","$28,566","96,646 mi."
"118","2017 Porsche Panamera 4S","$60,995","78,354 mi."
"119","2005 Porsche 911 Carrera S","$54,550","51,012 mi."
"120","2018 Porsche 718 Cayman S","$71,990","24,355 mi."
"121","2018 Porsche Cayenne Turbo","$79,495","18,155 mi."
"122","2000 Porsche Boxster S","$17,642","35,361 mi."
"123","2016 Porsche Cayenne GTS","$46,975","67,400 mi."
"124","2012 Porsche 911 Carrera GTS","$89,900","30,463 mi."
"125","2019 Porsche Cayenne Base","$60,000","29,540 mi."
"126","2018 Porsche 911 GT3","$210,000","5,425 mi."
"127","2011 Porsche Cayenne S","$17,485","125,879 mi."
"128","2015 Porsche Panamera 4","$42,895","52,681 mi."
"129","2007 Porsche 911 Carrera S","$42,555","81,247 mi."
"130","2004 Porsche 911 Carrera 4S Cabriolet","$39,000","63,131 mi."
"131","2016 Porsche Cayenne Base","$34,900","43,078 mi."
"132","2006 Porsche 911 Carrera","$37,500","80,265 mi."
"133","2014 Porsche Cayman Base","$41,900","60,156 mi."
"134","2018 Porsche Cayenne Platinum Edition","$50,900","45,216 mi."
"135","1986 Porsche 928 S","$38,292","54,817 mi."
"136","2020 Porsche 911 Carrera 4S","$145,000","10,889 mi."
"137","2019 Porsche Cayenne S","$63,523","50,898 mi."
"138","2012 Porsche Panamera 4","$26,300","96,813 mi."
"139","2012 Porsche 911 Carrera","$67,900","35,233 mi."
"140","2004 Porsche Cayenne Turbo","$8,950","193,517 mi."
"141","2022 Porsche 911 GT3","$284,900","1,933 mi."
"142","2015 Porsche 911 Carrera 4S","$87,500","23,633 mi."
"143","2017 Porsche 911 Carrera 4S","$124,990","4,930 mi."
"144","2014 Porsche Cayman S","$53,981","51,942 mi."
"145","2018 Porsche Panamera 4S","$81,447","32,638 mi."
"146","2017 Porsche 911 Carrera 4S","$105,800","26,007 mi."
"147","2017 Porsche 911 Turbo S","$164,800","27,084 mi."
"148","2009 Porsche 911 Turbo Cabriolet","$109,800","34,428 mi."
"149","2006 Porsche 911 Carrera S","$39,990","89,906 mi."
"150","2014 Porsche Cayenne Platinum Edition","$26,895","91,310 mi."
"151","2005 Porsche 911 Carrera","$49,995","28,655 mi."
"152","2014 Porsche Cayman Base","$36,995","76,414 mi."
"153","2013 Porsche Boxster S","$46,494","57,088 mi."
"154","2013 Porsche 911 ","$79,988","25,088 mi."
"155","2008 Porsche Cayman S","$31,995","57,485 mi."
"156","2016 Porsche 911 Turbo","$129,888","25,466 mi."
"157","2007 Porsche Boxster S","$20,404","97,076 mi."
"158","2011 Porsche Panamera 4","$24,159","101,667 mi."
"159","2020 Porsche 911 Carrera","$118,988","9,265 mi."
"160","2018 Porsche Cayenne E-Hybrid S","$54,879","31,410 mi."
"161","2014 Porsche Cayman Base","$39,900","69,212 mi."
"162","2017 Porsche 911 Turbo S","$172,000","14,198 mi."
"163","2010 Porsche Cayman ","$38,853","35,102 mi."
"164","2015 Porsche 911 Targa 4S","$111,994","47,392 mi."
"165","2015 Porsche Panamera 2","$39,994","51,732 mi."
"166","2020 Porsche 911 Carrera S","$134,994","21,595 mi."
"167","2020 Porsche 911 Carrera","$132,991","12,766 mi."
"168","2017 Porsche Panamera 4","$64,991","34,236 mi."
"169","2022 Porsche Macan Base","$70,710","2,186 mi."
"170","2022 Porsche 911 Turbo S","$289,995","3,230 mi."
"171","2008 Porsche Cayman S","$35,977","29,780 mi."
"172","1987 Porsche 924 S","$13,999","27,140 mi."
"173","2011 Porsche Cayenne Base","$29,990","24,390 mi."
"174","2020 Porsche Macan S","$66,995","29,155 mi."
"175","2016 Porsche Cayman GT4","$123,995","15,225 mi."
"176","2017 Porsche 718 Boxster S","$80,995","4,824 mi."
"177","2022 Porsche Cayenne Turbo Coupe AWD","$174,995","785 mi."
"178","2002 Porsche Boxster ","$11,950","85,233 mi."
"179","2002 Porsche 911 Carrera Cabriolet","$23,000","74,358 mi."
"180","2019 Porsche 718 Cayman Base","$68,989","13,485 mi."
"181","2017 Porsche Cayenne Platinum Edition","$40,580","49,664 mi."
"182","2018 Porsche Macan PLUS","$47,707","35,949 mi."
"183","2012 Porsche Cayenne Base","$22,995","81,432 mi."
"184","2015 Porsche Cayman Base","$59,980","29,017 mi."
"185","2018 Porsche Macan S","$51,595","19,539 mi."
"186","2022 Porsche Macan Base","$67,496","5,796 mi."
"187","2021 Porsche Macan Base","$57,795","5,035 mi."
"188","2021 Porsche Macan S","$64,995","25,764 mi."
"189","2020 Porsche Taycan 4S","$119,993","15,020 mi."
"190","2021 Porsche Macan Base","$59,195","2,225 mi."
"191","2015 Porsche Macan S","$37,590","28,833 mi."
"192","2011 Porsche 911 Carrera S","$69,899","27,414 mi."
"193","2020 Porsche Panamera E-Hybrid 4","$97,464","9,967 mi."
"194","2016 Porsche Panamera ","$48,999","60,273 mi."
"195","2012 Porsche Panamera Turbo S","$56,990","65,132 mi."
"196","1984 Porsche 928 S","$17,997","108,475 mi."
"197","2014 Porsche Boxster Base","$42,500","36,786 mi."
"198","2018 Porsche 718 Boxster S","$77,356","12,438 mi."
"199","2022 Porsche 718 Cayman GT4","$146,995","1,066 mi."
"200","2014 Porsche Cayman Base","$52,795","20,874 mi."
"201","2017 Porsche Panamera Turbo","$78,991","62,187 mi."
"202","1991 Porsche 911 ","$139,900","56,215 mi."
"203","2022 Porsche 718 Boxster GTS 4.0","$123,950","10,359 mi."
"204","2018 Porsche 911 Turbo S","$195,000","16,140 mi."
"205","2015 Porsche 911 Carrera","$62,000","64,000 mi."
"206","2017 Porsche Cayenne E-Hybrid S","$55,998","22,023 mi."
"207","2008 Porsche 911 Carrera S Cabriolet","$57,900","24,239 mi."
"208","2014 Porsche Panamera 2","$26,900","97,635 mi."
"209","2008 Porsche 911 Carrera 4S","$48,991","62,951 mi."
"210","2018 Porsche Panamera 4","$60,600","49,341 mi."
"211","1999 Porsche 911 Carrera","$18,990","121,421 mi."
"212","1997 Porsche 911 Carrera","$76,988","69,680 mi."
"213","2022 Porsche 911 Carrera 4","$154,900","5,616 mi."
"214","2017 Porsche 911 Turbo S","$143,900","56,092 mi."
"215","2019 Porsche 911 GT3","$209,900","8,525 mi."
"216","2005 Porsche 911 Turbo S","$94,800","27,491 mi."
"217","1995 Porsche 911 Carrera Cabriolet","$92,800","38,427 mi."
"218","2019 Porsche Cayenne E-Hybrid Base","$73,900","34,465 mi."
"219","2016 Porsche Panamera Turbo","$69,775","41,164 mi."
"220","2018 Porsche 911 Carrera 4S","$117,900","12,922 mi."
"221","2017 Porsche 911 Carrera S","$99,900","35,884 mi."
"222","2009 Porsche 911 Carrera S","$69,900","28,663 mi."
"223","2015 Porsche 911 Carrera 4S","$93,775","27,431 mi."
"224","2017 Porsche 911 Carrera 4S","$114,900","16,287 mi."
"225","2021 Porsche Cayenne E-Hybrid AWD","$93,400","12,861 mi."
"226","2013 Porsche 911 Carrera S","$77,900","37,513 mi."
"227","2021 Porsche Panamera 4","$93,985","16,441 mi."
"228","2015 Porsche 911 Targa 4S","$116,800","10,496 mi."
"229","2017 Porsche 911 Carrera S","$104,900","36,747 mi."
"230","2018 Porsche 911 Carrera S","$115,900","24,333 mi."
"231","2004 Porsche 911 Carrera 4S Cabriolet","$51,000","51,840 mi."
"232","2018 Porsche 911 Carrera GTS","$129,400","22,335 mi."
"233","2021 Porsche 911 Turbo S","$299,900","112 mi."
"234","2010 Porsche Panamera Turbo","$25,650","142,236 mi."
"235","2022 Porsche Macan Base","$61,850","9,144 mi."
"236","2014 Porsche Panamera Base","$29,850","81,936 mi."
"237","2018 Porsche 911 GT2 RS","$417,999","402 mi."
"238","2018 Porsche 911 GT3","$217,999","1,267 mi."
"239","2014 Porsche 911 Turbo S","$128,800","29,521 mi."
"240","2016 Porsche 911 GT3 RS","$204,800","14,920 mi."
"241","2019 Porsche Panamera 4","$75,988","19,540 mi."
"242","2022 Porsche 911 GT3","$399,800","288 mi."
"243","2019 Porsche 911 GT3 RS","$264,800","13,549 mi."
"244","2018 Porsche 911 GT2 RS","$399,800","6,062 mi."
"245","2017 Porsche 911 Carrera GTS","$116,800","23,325 mi."
"246","2017 Porsche 911 Carrera 4S","$135,800","18,151 mi."
"247","2001 Porsche Boxster S","$15,395","52,450 mi."
"248","1995 Porsche 911 Carrera","$89,950","96,130 mi."
"249","2019 Porsche 911 Carrera 4 GTS","$172,995","11,998 mi."
"250","2014 Porsche 911 Carrera 4S","$92,995","23,757 mi."
"251","2011 Porsche 911 Turbo S","$99,998","32,136 mi."
"252","2007 Porsche 911 Carrera S","$63,995","16,169 mi."
"253","2018 Porsche 911 GT3","$196,369","11,300 mi."
"254","1992 Porsche 911 Carrera 2","$389,886","35,574 mi."
"255","2022 Porsche 911 Carrera 4","$144,444","125 mi."
"256","2019 Porsche 911 Carrera S","$114,888","6,876 mi."
"257","2019 Porsche 911 Targa 4S","$148,000","17,291 mi."
"258","2018 Porsche 911 Carrera","$91,897","29,172 mi."
"259","2021 Porsche 911 Targa 4S","$185,559","1,448 mi."
"260","2019 Porsche 911 Carrera GTS","$149,990","10,911 mi."
"261","2018 Porsche 911 Carrera","$84,988","41,964 mi."
"262","2022 Porsche Cayenne Turbo Coupe AWD","$167,999","3,523 mi."
"263","2011 Porsche 911 Turbo S","$100,999","25,673 mi."
"264","2022 Porsche 911 Carrera S","$184,999","399 mi."
"265","2019 Porsche 911 Targa 4S","$145,999","14,471 mi."
"266","2014 Porsche 911 Carrera","$61,888","70,831 mi."
"267","2017 Porsche 911 Carrera 4 GTS","$139,999","13,192 mi."
"268","2018 Porsche 911 GT3","$198,000","6,620 mi."
"269","2017 Porsche 911 Carrera 4S","$109,994","28,089 mi."
"270","2016 Porsche 911 GT3 RS","$189,990","17,712 mi."
"271","2019 Porsche Panamera Turbo","$117,991","41,896 mi."
"272","2020 Porsche Taycan 4S","$112,994","11,300 mi."
"273","2022 Porsche Taycan Base","$105,000","8,374 mi."
"274","2017 Porsche 911 Carrera 4S","$128,994","4,556 mi."
"275","2013 Porsche 911 Carrera S","$77,800","34,230 mi."
"276","2020 Porsche 911 Carrera","$123,800","12,789 mi."
"277","2015 Porsche 911 Turbo","$129,990","25,047 mi."
"278","2019 Porsche 911 Carrera 4S","$124,800","18,161 mi."
"279","2017 Porsche 911 Carrera S","$98,991","46,161 mi."
"280","2022 Porsche 911 Targa 4","$190,000","2,751 mi."
"281","2008 Porsche 911 Carrera S Cabriolet","$54,004","50,742 mi."
"282","2019 Porsche 911 Turbo","$182,995","2,336 mi."
"283","2020 Porsche 911 Carrera","$135,000","6,225 mi."
"284","2015 Porsche 911 Carrera GTS","$117,995","27,964 mi."
"285","2016 Porsche 911 GT3","$164,989","6,082 mi."
"286","2015 Porsche 911 Turbo S","$144,995","15,961 mi."
"287","2019 Porsche 911 Carrera 4 GTS","$139,881","7,217 mi."
"288","2019 Porsche 911 Carrera 4S","$129,995","14,376 mi."
"289","2017 Porsche Cayenne E-Hybrid S","$36,900","79,384 mi."
"290","2014 Porsche Panamera 4","$33,900","61,719 mi."
"291","2019 Porsche 718 Boxster GTS","$80,250","14,560 mi."
"292","2021 Porsche 911 Turbo","$209,500","9,442 mi."
"293","2015 Porsche Cayenne Turbo","$52,499","40,516 mi."
"294","2012 Porsche Panamera Turbo S","$34,980","144,818 mi."
"295","2019 Porsche 718 Boxster GTS","$82,000","5,899 mi."
"296","2019 Porsche 718 Boxster Base","$65,000","9,145 mi."
"297","2018 Porsche 718 Boxster S","$69,500","31,565 mi."
"298","2008 Porsche Cayman ","$31,825","25,373 mi."
"299","1994 Porsche 968 Cabriolet","$15,995","122,422 mi."
"300","2015 Porsche Macan S","$23,994","101,669 mi."
"301","2002 Porsche 911 Carrera 4S","$67,995","45,550 mi."
"302","2020 Porsche Cayenne Turbo Coupe AWD","$119,995","4,949 mi."
"303","2021 Porsche Cayenne S","$90,500","12,500 mi."
"304","2017 Porsche Panamera 4S","$73,000","47,000 mi."
"305","2002 Porsche 911 Carrera","$24,999","85,392 mi."
"306","1999 Porsche Boxster ","$14,890","50,102 mi."
"307","2020 Porsche Panamera GTS","$124,980","11,122 mi."
"308","2020 Porsche Cayenne Coupe AWD","$71,695","35,544 mi."
"309","2013 Porsche Panamera 4","$32,995","80,578 mi."
"310","2020 Porsche 911 Carrera S","$164,644","8,294 mi."
"311","2014 Porsche Cayenne Base (Tiptronic)","$26,990","87,423 mi."
"312","2018 Porsche Panamera 4S","$65,900","69,997 mi."
"313","2018 Porsche 718 Boxster GTS","$78,000","19,660 mi."
"314","2016 Porsche Cayenne Base","$35,456","56,850 mi."
"315","2018 Porsche 911 GT3","$198,500","3,120 mi."
"316","2019 Porsche Cayenne S","$67,862","49,553 mi."
"317","2019 Porsche Cayenne Turbo","$108,112","15,748 mi."
"318","2018 Porsche Cayenne ","$46,000","30,201 mi."
"319","2020 Porsche Cayenne Turbo Coupe AWD","$124,599","24,433 mi."
"320","2004 Porsche 911 Carrera 4S Cabriolet","$46,495","40,068 mi."
"321","2016 Porsche Cayenne S","$33,994","88,232 mi."
"322","2020 Porsche Cayenne Turbo","$123,900","12,165 mi."
"323","2020 Porsche Cayenne Base","$67,950","19,881 mi."
"324","2013 Porsche Cayenne GTS","$32,900","95,910 mi."
"325","2016 Porsche Cayenne S","$36,750","65,344 mi."
"326","2001 Porsche Boxster Base (M5)","$12,988","70,400 mi."
"327","2017 Porsche Cayenne Base","$42,021","45,815 mi."
"328","2012 Porsche 911 Carrera 4S","$57,800","81,550 mi."
"329","2019 Porsche Cayenne Base","$60,797","23,228 mi."
"330","2018 Porsche Macan Sport Edition","$44,999","23,494 mi."
"331","2017 Porsche Cayenne Platinum Edition","$35,900","68,792 mi."
"332","2013 Porsche 911 Carrera S","$74,900","44,850 mi."
"333","2018 Porsche Panamera E-Hybrid 4","$84,250","15,600 mi."
"334","2020 Porsche Cayenne E-Hybrid Coupe Base","$87,000","22,688 mi."
"335","2006 Porsche Cayenne S","$6,999","175,075 mi."
"336","2018 Porsche Panamera Turbo","$103,992","15,671 mi."
"337","2015 Porsche Panamera S","$42,500","50,993 mi."
"338","2016 Porsche 911 Carrera GTS","$203,192","2,827 mi."
"339","2019 Porsche Cayenne S","$71,991","28,010 mi."
"340","2016 Porsche Cayenne GTS","$34,000","109,000 mi."
"341","2019 Porsche Panamera E-Hybrid 4","$85,900","22,354 mi."
"342","2017 Porsche 911 Targa 4","$117,500","21,371 mi."
"343","2017 Porsche Panamera 4","$52,745","74,906 mi."
"344","2022 Porsche 911 Turbo S","$299,800","1,191 mi."
"345","2016 Porsche Cayenne TURBO/4.8L TWIN-TURBO ENGINE/AWD/SUNROOF/NAVIGATIO","$55,895","66,537 mi."
"346","2008 Porsche Boxster S","$34,777","32,928 mi."
"347","2014 Porsche Panamera 4","$33,950","73,249 mi."
"348","2014 Porsche Panamera 4S","$36,950","70,684 mi."
"349","2020 Porsche Panamera 4S Executive","$98,994","21,260 mi."
"350","2021 Porsche Macan Base","$55,995","8,945 mi."
"351","2022 Porsche Panamera 4","$99,992","7,548 mi."
"352","2019 Porsche Macan Base","$53,494","18,829 mi."
"353","2016 Porsche Cayenne Base","$26,985","94,187 mi."
"354","1999 Porsche 911 Carrera","$27,490","44,077 mi."
"355","2010 Porsche Panamera Turbo","$36,500","29,827 mi."
"356","2016 Porsche Cayenne S","$38,579","58,334 mi."
"357","2018 Porsche Panamera 4S","$77,959","35,776 mi."
"358","2021 Porsche Panamera Turbo S","$167,999","5,974 mi."
"359","2014 Porsche Panamera 4S","$37,950","74,612 mi."
"360","2013 Porsche Cayenne Turbo","$43,900","57,384 mi."
"361","2018 Porsche Panamera E-Hybrid 4","$72,144","39,191 mi."
"362","1984 Porsche 944 2dr Coupe 5-Spd","$27,000","69,160 mi."
"363","2008 Porsche Cayman S","$36,000","45,151 mi."
"364","2020 Porsche Macan Base","$46,991","52,376 mi."
"365","2018 Porsche Panamera E-Hybrid Turbo S","$128,995","21,612 mi."
"366","2018 Porsche Panamera 4","$62,800","48,145 mi."
"367","2020 Porsche Panamera GTS","$119,377","29,628 mi."
"368","2020 Porsche Panamera 4 Executive","$94,995","15,275 mi."
"369","2020 Porsche Panamera Turbo Executive","$139,995","21,726 mi."
"370","1974 Porsche 914 ","$27,000","33,092 mi."
"371","2016 Porsche 911 Turbo","$107,849","63,142 mi."
"372","2018 Porsche Panamera Sport Turismo 4S","$76,995","60,834 mi."
"373","2002 Porsche Boxster Base (M5)","$15,343","57,640 mi."
"374","2016 Porsche Cayenne Base","$36,333","48,087 mi."
"375","2013 Porsche Panamera 4S","$34,977","88,253 mi."
"376","2003 Porsche Boxster ","$19,500","34,210 mi."
"377","2018 Porsche Panamera Sport Turismo 4S","$84,987","31,130 mi."
"378","2019 Porsche 911 Targa 4","$159,995","20,249 mi."
"379","2018 Porsche 911 Carrera S","$127,995","16,732 mi."
"380","2020 Porsche 911 Carrera 4S","$155,995","16,400 mi."
"381","2019 Porsche Panamera GTS","$125,995","6,969 mi."
"382","2021 Porsche Panamera GTS","$145,995","2,743 mi."
"383","2021 Porsche Panamera 4S","$106,709","15,704 mi."
"384","2019 Porsche 911 Carrera 4 GTS","$149,900","6,717 mi."
"385","2019 Porsche 911 Speedster","$394,900","3,096 mi."
"386","2018 Porsche 911 Carrera 4S","$112,839","19,143 mi."
"387","2013 Porsche 911 Carrera 4","$68,782","61,384 mi."
"388","2014 Porsche 911 Carrera 4","$74,990","36,567 mi."
"389","2006 Porsche Cayman S","$28,900","82,890 mi."
"390","2001 Porsche Boxster ","$13,279","102,502 mi."
"391","2006 Porsche Cayman S","$42,000","15,462 mi."
"392","2017 Porsche Macan S","$42,998","31,906 mi."
"393","2017 Porsche Macan S","$46,998","23,679 mi."
"394","2018 Porsche Macan ","$39,887","46,776 mi."
"395","2020 Porsche Taycan 4S","$122,558","6,682 mi."
"396","2012 Porsche 911 Carrera S","$68,900","54,977 mi."
"397","2013 Porsche 911 Carrera S","$84,400","29,991 mi."
"398","2005 Porsche 911 Carrera","$46,997","62,435 mi."
"399","2016 Porsche Cayenne S","$32,995","81,018 mi."
"400","2004 Porsche 911 Carrera 4S","$47,500","53,141 mi."
"401","2017 Porsche Macan Base","$31,038","69,048 mi."
"402","2018 Porsche 911 GT3","$170,995","23,592 mi."
"403","2014 Porsche 911 Turbo S","$146,900","22,447 mi."
"404","2013 Porsche Cayenne Base (Tiptronic)","$31,900","61,945 mi."
"405","2016 Porsche Cayenne Base","$35,590","57,780 mi."
"406","2005 Porsche 911 GT3","$169,900","11,009 mi."
"407","2019 Porsche 911 GT2 RS Clubsport","$439,900","2,517 mi."
"408","2020 Porsche 911 Carrera S","$145,900","8,117 mi."
"409","2011 Porsche 911 GT2 RS","$759,900","2,206 mi."
"410","2011 Porsche 911 GT3 RS","$369,900","12,103 mi."
"411","2021 Porsche Cayenne Turbo S E-Hybrid","$174,900","5,372 mi."
"412","2022 Porsche Panamera Turbo S","$188,702","6,237 mi."
"413","2019 Porsche 911 Turbo S","$239,995","2,205 mi."
"414","2016 Porsche 911 GT3 RS","Not Priced","500 mi."
"415","2011 Porsche 911 GT3 RS 4.0","$749,995","6,181 mi."
"416","2018 Porsche 911 GT3","$184,995","12,008 mi."
"417","2015 Porsche Cayenne S","$29,499","99,017 mi."
"418","2018 Porsche Macan Sport Edition","$41,542","32,456 mi."
"419","2020 Porsche Macan S","$63,999","33,000 mi."
"420","2020 Porsche 911 Carrera 4S","$155,000","18,500 mi."
"421","2016 Porsche Cayenne Base","$34,291","54,371 mi."
"422","2016 Porsche Panamera Turbo","$69,990","28,525 mi."
"423","2016 Porsche Cayenne GTS","$39,995","87,630 mi."
"424","2017 Porsche 911 Carrera S","$118,782","15,862 mi."
"425","2021 Porsche 911 Carrera","$149,990","4,622 mi."
"426","2020 Porsche 911 Carrera 4S","$143,749","21,771 mi."
"427","2011 Porsche 911 Carrera GTS","$88,799","44,588 mi."
"428","2017 Porsche Macan Base","$34,185","87,690 mi."
"429","2016 Porsche Cayenne GTS","$45,000","69,883 mi."
"430","2019 Porsche Cayenne Base","$53,000","40,839 mi."
"431","2014 Porsche 911 Turbo","$113,995","33,809 mi."
"432","2018 Porsche Macan S","$41,888","53,898 mi."
"433","2019 Porsche Cayenne S","$57,923","50,037 mi."
"434","2015 Porsche Cayenne Turbo","$48,000","77,430 mi."
"435","2019 Porsche Macan S","$50,500","54,570 mi."
"436","2003 Porsche 911 Carrera 4S","$39,000","63,933 mi."
"437","2016 Porsche 911 Turbo","$129,999","24,073 mi."
"438","2013 Porsche Boxster Base","$39,488","54,439 mi."
"439","2016 Porsche Cayenne Base","$35,995","64,722 mi."
"440","2001 Porsche Boxster ","$15,995","52,508 mi."
"441","2020 Porsche Taycan Turbo S","$164,800","21,901 mi."
"442","2022 Porsche 911 GT3","$279,800","3,668 mi."
"443","2016 Porsche Cayenne Base","$34,895","52,709 mi."
"444","2015 Porsche Cayenne S","$36,995","69,214 mi."
"445","2007 Porsche Boxster S","$29,999","61,543 mi."
"446","2016 Porsche 911 Carrera GTS","$110,000","29,479 mi."
"447","2020 Porsche Taycan Turbo","$137,987","10,407 mi."
"448","2021 Porsche Macan Base","$58,994","7,603 mi."
"449","2016 Porsche Cayenne S","$42,988","36,676 mi."
"450","2016 Porsche Panamera GTS","$62,888","32,232 mi."
"451","2010 Porsche Panamera S","$25,855","85,748 mi."
"452","2022 Porsche 911 GT3","$305,588","2,300 mi."
"453","2020 Porsche Taycan Turbo","$133,555","8,606 mi."
"454","2018 Porsche Panamera E-Hybrid Turbo S","$137,999","24,405 mi."
"455","2021 Porsche Macan Base","$59,000","4,014 mi."
"456","2021 Porsche Macan S","$58,987","24,032 mi."
"457","2021 Porsche Macan GTS","$81,959","10,980 mi."
"458","2013 Porsche Boxster Base","$27,955","99,991 mi."
"459","2008 Porsche Boxster Base (M5)","$29,588","22,253 mi."
"460","2007 Porsche Boxster ","$28,788","22,572 mi."
"461","2019 Porsche Cayenne Base","$60,993","33,240 mi."
"462","2018 Porsche Panamera E-Hybrid Turbo S","$131,800","32,090 mi."
"463","2021 Porsche Panamera E-Hybrid 4S","$116,315","9,826 mi."
"464","2005 Porsche 911 Carrera Cabriolet","$39,800","52,455 mi."
"465","2008 Porsche Cayman S","$36,500","42,672 mi."
"466","1986 Porsche 944 Turbo","$39,995","31,304 mi."
"467","1988 Porsche 928 2dr Coupe 5-Spd","$40,000","73,215 mi."
"468","2021 Porsche Macan Base","$56,902","10,588 mi."
"469","2012 Porsche 911 Carrera S","$66,990","56,864 mi."
"470","2019 Porsche Cayenne S","$66,991","48,097 mi."
"471","2013 Porsche Cayenne Turbo","$34,498","89,807 mi."
"472","1999 Porsche 911 Carrera","$33,000","95,371 mi."
"473","2017 Porsche 911 Carrera 4S","$107,995","21,895 mi."
"474","2017 Porsche 911 Carrera 4S","$109,994","20,018 mi."
"475","2021 Porsche Macan S","$66,999","11,340 mi."
"476","2013 Porsche Cayenne S","$28,500","82,510 mi."
"477","2018 Porsche Macan S","$44,995","42,350 mi."
"478","2020 Porsche Taycan 4S","$129,995","23,589 mi."
"479","2014 Porsche 911 GT3","$137,432","22,172 mi."
"480","2018 Porsche Macan S","$41,152","45,769 mi."
"481","2009 Porsche 911 Carrera 4S Cabriolet","$59,757","62,000 mi."
"482","2017 Porsche 911 Turbo","$174,985","1,978 mi."
"483","2021 Porsche Macan S","$71,995","2,967 mi."
"484","2016 Porsche 911 Black Edition","$82,995","25,222 mi."
"485","2014 Porsche Cayenne Platinum Edition","$23,999","112,544 mi."
"486","2017 Porsche Macan GTS","$39,999","56,224 mi."
"487","2021 Porsche 911 Carrera","$126,549","3,647 mi."
"488","2019 Porsche 911 Turbo","$185,734","6,773 mi."
"489","2011 Porsche 911 Carrera 4S","$83,900","15,043 mi."
"490","2018 Porsche 911 Carrera","$99,306","11,052 mi."
"491","2018 Porsche 911 Carrera 4S","$125,995","11,025 mi."
"492","2017 Porsche 911 Carrera 4S","$111,995","22,717 mi."
"493","2017 Porsche 911 Targa 4S","$141,995","19,053 mi."
"494","2008 Porsche Cayenne GTS","$14,086","144,134 mi."
"495","2012 Porsche Cayenne Base","$27,590","68,085 mi."
"496","2017 Porsche Macan S","$32,990","99,257 mi."
"497","2013 Porsche Boxster Base","$39,590","50,134 mi."
"498","2002 Porsche Boxster ","$19,900","38,874 mi."
"499","2021 Porsche Macan S","$67,237","8,800 mi."
"500","2021 Porsche Taycan Base","$95,017","15,448 mi."
"501","2005 Porsche Boxster S","$29,995","62,177 mi."
"502","2014 Porsche Cayenne Platinum Edition","$21,995","127,870 mi."
"503","2011 Porsche 911 Turbo","$189,995","20,424 mi."
"504","1992 Porsche 911 Turbo","$259,995","33,148 mi."
"505","2011 Porsche 911 GT2 RS","$724,995","6,990 mi."
"506","2007 Porsche 911 GT3","$154,995","12,170 mi."
"507","2012 Porsche Cayenne Base","$20,995","91,532 mi."
"508","2020 Porsche Cayenne Base","$65,980","24,400 mi."
"509","2020 Porsche Taycan Turbo","$149,990","6,999 mi."
"510","2019 Porsche Panamera GTS","$115,990","45,381 mi."
"511","2019 Porsche Cayenne Base","$64,390","26,604 mi."
"512","2021 Porsche Cayenne S","$101,990","9,734 mi."
"513","2008 Porsche 911 Carrera 4","$51,990","48,809 mi."
"514","2021 Porsche Macan S","$74,390","16,799 mi."
"515","2018 Porsche Panamera 4","$77,328","27,537 mi."
"516","2021 Porsche Cayenne Base","$74,991","14,295 mi."
"517","2019 Porsche 911 Carrera 4S","$127,990","16,582 mi."
"518","2019 Porsche 911 Carrera S","$134,990","15,278 mi."
"519","2008 Porsche 911 Turbo","$86,990","20,673 mi."
"520","2011 Porsche 911 Carrera 4S","$74,399","38,350 mi."
"521","2010 Porsche 911 Turbo","$104,888","32,256 mi."
"522","2018 Porsche 911 Turbo","$165,849","12,192 mi."
"523","2019 Porsche Cayenne Base","$64,099","22,850 mi."
"524","2019 Porsche Cayenne Turbo","$108,056","14,039 mi."
"525","2017 Porsche 911 Carrera 4S","$96,743","48,671 mi."
"526","2009 Porsche 911 Carrera S","$69,500","41,000 mi."
"527","1997 Porsche Boxster ","$19,888","16,565 mi."
"528","2021 Porsche Cayenne GTS","$108,977","17,605 mi."
"529","2019 Porsche Cayenne S","$69,878","40,258 mi."
"530","2019 Porsche Cayenne Base","$54,818","50,883 mi."
"531","2017 Porsche Cayenne Platinum Edition","$46,495","32,672 mi."
"532","2020 Porsche Taycan 4S","$112,900","18,010 mi."
"533","2006 Porsche Cayenne S","$8,985","158,270 mi."
"534","2006 Porsche Cayenne ","$8,990","106,650 mi."
"535","2016 Porsche Macan Turbo","$39,584","71,350 mi."
"536","2019 Porsche Cayenne Base","$46,900","72,696 mi."
"537","2022 Porsche Cayenne GTS","$127,900","1,581 mi."
"538","2014 Porsche Cayenne Platinum Edition","$29,900","65,697 mi."
"539","2017 Porsche Cayenne ","$44,649","34,663 mi."
"540","2014 Porsche Cayenne GTS","$32,888","96,432 mi."
"541","2018 Porsche Cayenne Base","$42,888","79,784 mi."
"542","2021 Porsche Taycan Turbo S","$173,774","7,210 mi."
"543","2021 Porsche Taycan Turbo S","$178,992","3,071 mi."
"544","2013 Porsche Cayenne S","$22,985","113,957 mi."
"545","2016 Porsche Macan S","$26,000","101,910 mi."
"546","2016 Porsche Macan Turbo","$42,000","56,600 mi."
"547","2017 Porsche Cayenne Platinum Edition","$45,900","41,991 mi."
"548","2020 Porsche Cayenne S Coupe AWD","$84,900","40,936 mi."
"549","2021 Porsche Cayenne Base","$72,500","20,089 mi."
"550","2018 Porsche Cayenne Platinum Edition","$36,900","68,022 mi."
"551","2006 Porsche 911 Carrera S","$48,500","60,434 mi."
"552","2020 Porsche Taycan Turbo","$128,190","29,198 mi."
"553","2011 Porsche Cayenne S","$20,995","95,531 mi."
"554","2016 Porsche Cayenne GTS","$33,995","102,150 mi."
"555","2011 Porsche Boxster Base","$30,995","34,050 mi."
"556","2016 Porsche Cayenne Turbo","$57,990","73,211 mi."
"557","2021 Porsche Taycan Turbo S","$172,995","2,646 mi."
"558","2020 Porsche Taycan Turbo","$129,999","4,750 mi."
"559","2013 Porsche Boxster Base","$41,998","26,450 mi."
"560","2011 Porsche Boxster Spyder","$82,985","16,173 mi."
"561","2014 Porsche Boxster S","$49,950","44,549 mi."
"562","2016 Porsche Cayenne S","$52,995","24,902 mi."
"563","2021 Porsche Cayenne AWD","$77,768","7,035 mi."
"564","2021 Porsche Cayenne Turbo","$128,888","11,759 mi."
"565","2016 Porsche Cayenne Base","$29,995","88,053 mi."
"566","2020 Porsche Cayenne Turbo","$112,270","23,513 mi."
"567","2016 Porsche Cayenne Base","$34,186","47,699 mi."
"568","2019 Porsche Cayenne Base","$57,988","40,091 mi."
"569","2017 Porsche Cayenne S","$36,995","87,342 mi."
"570","2019 Porsche Cayenne Base","$59,985","26,262 mi."
"571","2019 Porsche Cayenne Base","$61,888","32,249 mi."
"572","2014 Porsche Cayenne ","$26,985","81,306 mi."
"573","2013 Porsche Cayenne Turbo","$36,985","84,184 mi."
"574","2021 Porsche Cayenne AWD","$77,895","16,052 mi."
"575","2014 Porsche Cayenne GTS","$36,850","68,885 mi."
"576","2018 Porsche Cayenne Platinum Edition","$49,977","37,863 mi."
"577","2019 Porsche Cayenne Base","$45,972","88,725 mi."
"578","2013 Porsche Cayenne Base","$21,890","116,775 mi."
"579","2013 Porsche Cayenne GTS","$36,998","59,925 mi."
"580","2013 Porsche Cayenne Base","$29,588","43,297 mi."
"581","2021 Porsche Taycan 4S","$129,995","11,942 mi."
"582","2020 Porsche Taycan Turbo","$148,500","8,965 mi."
"583","2020 Porsche Taycan Turbo S","$169,995","4,415 mi."
"584","2020 Porsche 718 Cayman GT4","$145,000","11,374 mi."
"585","2020 Porsche Taycan 4S","$110,267","22,178 mi."
"586","2021 Porsche Cayenne Turbo Coupe AWD","$129,994","18,055 mi."
"587","2014 Porsche Boxster Base","$39,800","43,855 mi."
"588","2016 Porsche Cayenne Base","$28,995","86,120 mi."
"589","1981 Porsche 928 2dr Coupe","$24,000","95,530 mi."
"590","2021 Porsche Macan Base","$57,991","13,072 mi."
"591","2014 Porsche Boxster Base","$49,998","22,499 mi."
"592","2020 Porsche Taycan Turbo","$148,995","14,944 mi."
"593","2019 Porsche Cayenne S","$84,995","16,953 mi."
"594","2019 Porsche Cayenne Base","$54,990","57,217 mi."
"595","2019 Porsche Cayenne Base","$61,250","24,986 mi."
"596","2017 Porsche 911 Carrera 4S","$119,985","14,270 mi."
"597","2018 Porsche Macan GTS","$58,985","49,765 mi."
"598","2009 Porsche 911 Carrera 4S","$69,992","35,028 mi."
"599","2012 Porsche Cayman R","$76,984","10,581 mi."
"600","2021 Porsche Macan Turbo","$93,995","3,856 mi."
"601","2017 Porsche Macan S","$35,991","69,451 mi."
"602","2014 Porsche Cayenne Platinum Edition","$22,156","102,434 mi."
"603","2000 Porsche Boxster S","$22,999","35,200 mi."
"604","2018 Porsche Macan Turbo","$60,643","37,710 mi."
"605","2010 Porsche Boxster ","$28,590","78,177 mi."
"606","2020 Porsche Taycan Turbo","$137,980","27,650 mi."
"607","2018 Porsche Macan Sport Edition","$37,991","69,981 mi."
"608","2018 Porsche Macan S","$37,900","75,657 mi."
"609","2019 Porsche Cayenne Base","$65,279","20,581 mi."
"610","2020 Porsche Panamera E-Hybrid Turbo S","$163,499","14,569 mi."
"611","2015 Porsche Macan S","$27,995","97,985 mi."
"612","2015 Porsche Macan S","$27,995","93,776 mi."
"613","2017 Porsche Macan GTS","$54,568","56,444 mi."
"614","2018 Porsche Cayenne S","$43,500","60,612 mi."
"615","2017 Porsche Macan S","$35,000","61,902 mi."
"616","2003 Porsche 911 Carrera 4 Cabriolet","$35,000","44,000 mi."
"617","2016 Porsche Macan Turbo","$39,995","64,545 mi."
"618","2019 Porsche 911 Carrera 4S","$133,888","1,000 mi."
"619","2017 Porsche Macan GTS","$45,991","54,182 mi."
"620","2018 Porsche Macan Base (PDK)","$34,890","60,544 mi."
"621","2017 Porsche Macan GTS","$49,900","47,248 mi."
"622","2018 Porsche Macan GTS","$53,092","42,837 mi."
"623","2005 Porsche Cayenne Turbo","$9,888","147,469 mi."
"624","2010 Porsche Panamera Turbo","$37,777","74,264 mi."
"625","2019 Porsche Panamera E-Hybrid 4","$78,984","53,547 mi."
"626","2015 Porsche Macan S","$29,987","63,234 mi."
"627","2019 Porsche 911 GT3 RS","$276,992","6,215 mi."
"628","2015 Porsche Macan S","$26,500","100,361 mi."
"629","2015 Porsche Macan S","$28,000","81,338 mi."
"630","2017 Porsche Macan S","$33,900","77,316 mi."
"631","2017 Porsche Macan GTS","$51,900","24,201 mi."
"632","2018 Porsche Macan Base","$42,320","27,574 mi."
"633","2019 Porsche 911 Carrera GTS","$146,800","10,316 mi."
"634","2017 Porsche Cayenne S","$59,999","24,282 mi."
"635","2015 Porsche Macan S","$26,950","100,898 mi."
"636","2017 Porsche Macan Base","$39,950","49,897 mi."
"637","2021 Porsche Macan S","$69,937","5,532 mi."
"638","2022 Porsche Macan Base","$63,493","6,683 mi."
"639","2015 Porsche Macan Turbo","$39,899","61,556 mi."
"640","2018 Porsche Macan Turbo","$60,999","25,409 mi."
"641","2017 Porsche Macan Base","$30,994","74,811 mi."
"642","2018 Porsche Macan S","$49,995","37,584 mi."
"643","2016 Porsche Macan S","$34,500","78,000 mi."
"644","2018 Porsche Panamera Sport Turismo 4","$73,888","22,367 mi."
"645","2018 Porsche Macan S","$38,888","65,180 mi."
"646","2015 Porsche Macan S","$23,990","114,327 mi."
"647","2015 Porsche Macan S","$28,855","92,216 mi."
"648","2019 Porsche Macan Base","$47,959","25,167 mi."
"649","2017 Porsche Cayenne Platinum Edition","$31,500","81,986 mi."
"650","2018 Porsche Macan S","$46,959","23,748 mi."
"651","2018 Porsche Macan S","$47,959","27,836 mi."
"652","2016 Porsche Macan S","$28,211","87,962 mi."
"653","2014 Porsche Cayenne S","$38,288","34,971 mi."
"654","2011 Porsche Cayenne Base","$28,888","38,735 mi."
"655","2021 Porsche Cayenne Base","$74,500","9,243 mi."
"656","2019 Porsche Cayenne Base","$64,994","19,753 mi."
"657","2011 Porsche Cayenne Turbo","$34,900","71,074 mi."
"658","2016 Porsche Cayenne Base","$30,995","112,500 mi."
"659","2016 Porsche Macan S","$43,900","18,424 mi."
"660","2019 Porsche Cayenne Base","$49,900","45,196 mi."
"661","2021 Porsche Cayenne Turbo Coupe AWD","$146,900","10,536 mi."
"662","2021 Porsche Cayenne GTS","$114,957","26,071 mi."
"663","2019 Porsche Cayenne Base","$56,991","43,583 mi."
"664","2018 Porsche Cayenne Platinum Edition","$42,991","74,361 mi."
"665","2021 Porsche Cayenne Base","$79,995","16,664 mi."
"666","2019 Porsche 911 Targa 4S","$159,991","12,453 mi."
"667","1985 Porsche 928 2dr Coupe 5-Spd","$20,000","133,543 mi."
"668","1980 Porsche 928 ","$29,000","40,631 mi."
"669","2014 Porsche Cayenne Base (Tiptronic)","$23,712","97,145 mi."
"670","2018 Porsche Macan GTS","$57,995","28,133 mi."
"671","1983 Porsche 911 Base","$57,000","109,524 mi."
"672","2021 Porsche Macan Turbo","$91,991","6,033 mi."
"673","2018 Porsche Macan Turbo","$44,990","79,136 mi."
"674","2018 Porsche Macan Turbo","$56,800","49,825 mi."
"675","2019 Porsche Macan S","$60,990","14,194 mi."
"676","2018 Porsche Macan S","$35,995","78,402 mi."
"677","2014 Porsche Cayenne Diesel Platinum Edition","$36,977","77,409 mi."
"678","2016 Porsche Macan S","$32,977","86,478 mi."
"679","2018 Porsche Macan S","$34,600","82,940 mi."
"680","2020 Porsche Cayenne Turbo","$137,995","17,611 mi."
"681","2022 Porsche Cayenne Turbo GT","$216,995","1,468 mi."
"682","2011 Porsche Cayenne S","$19,495","96,093 mi."
"683","1999 Porsche 911 Carrera","$20,495","71,044 mi."
"684","1995 Porsche 911 Carrera","$67,767","95,873 mi."
"685","2019 Porsche 911 Carrera","$104,786","5,267 mi."
"686","2017 Porsche 911 Turbo S","$189,995","12,653 mi."
"687","1990 Porsche 911 964 RWB","$199,995","59,744 mi."
"688","2011 Porsche 911 GT3 RS","$379,982","4,838 mi."
"689","2019 Porsche 911 Turbo S","$176,950","31,806 mi."
"690","2022 Porsche 911 GT3","$279,985","2,010 mi."
"691","2011 Porsche Cayenne S","$21,950","105,285 mi."
"692","2021 Porsche Cayenne Base","$73,592","25,855 mi."
"693","2014 Porsche Cayenne Base","$21,500","129,846 mi."
"694","2017 Porsche Macan Base","$33,780","71,398 mi."
"695","2019 Porsche 911 Turbo S","$199,900","11,571 mi."
"696","2019 Porsche 911 Turbo","$194,988","5,537 mi."
"697","2008 Porsche Cayman Base (M5)","$27,987","61,018 mi."
"698","2006 Porsche 911 Carrera S Cabriolet","$49,909","34,516 mi."
"699","2017 Porsche Macan S","$37,827","61,582 mi."
"700","2006 Porsche Boxster Base","$22,995","72,600 mi."
"701","2011 Porsche Cayenne Turbo","$29,977","80,207 mi."
"702","2006 Porsche 911 Carrera 4S","$69,900","31,435 mi."
"703","2006 Porsche 911 Carrera 4S","$99,900","7,725 mi."
"704","2021 Porsche 718 Boxster GTS 4.0","$109,900","2,709 mi."
"705","2016 Porsche Macan S","$44,990","11,758 mi."
"706","2011 Porsche Cayenne Base","$25,990","69,314 mi."
"707","2019 Porsche Cayenne E-Hybrid Base","$70,995","31,313 mi."
"708","2018 Porsche Macan Base","$39,999","50,202 mi."
"709","2021 Porsche Cayenne GTS","$122,590","18,672 mi."
"710","2020 Porsche Taycan 4S","$114,490","44,100 mi."
"711","2014 Porsche Panamera 4","$31,485","95,768 mi."
"712","2013 Porsche Boxster S","$50,900","34,084 mi."
"713","2020 Porsche Taycan Turbo","$129,990","5,278 mi."
"714","2019 Porsche 911 Carrera 4S","$134,212","6,933 mi."
"715","2021 Porsche Taycan Turbo S","$159,990","13,044 mi."
"716","2020 Porsche Taycan Turbo S","$157,799","25,415 mi."
"717","2018 Porsche 718 Boxster Base","$67,496","13,336 mi."
"718","2018 Porsche Panamera 4S","$85,990","36,500 mi."
"719","2019 Porsche Panamera GTS","$112,599","40,097 mi."
"720","2015 Porsche Boxster GTS","$53,995","77,806 mi."
"721","2015 Porsche Boxster Base","$46,995","21,029 mi."
"722","2018 Porsche Panamera 4S","$72,763","70,071 mi."
"723","2018 Porsche 911 GT3","$199,599","9,039 mi."
"724","2013 Porsche Boxster Base","$38,998","55,945 mi."
"725","1990 Porsche 944 2dr Coupe Cabriolet","$54,970","4,413 mi."
"726","2013 Porsche Cayenne GTS","$30,980","95,141 mi."
"727","2018 Porsche Macan S","$46,329","25,883 mi."
"728","2016 Porsche Macan S","$28,980","93,441 mi."
"729","2018 Porsche Macan Base","$42,355","22,312 mi."
"730","2016 Porsche Cayenne S","$41,777","62,993 mi."
"731","2018 Porsche Macan Base","$41,500","34,009 mi."
"732","2020 Porsche Taycan Turbo S","$163,992","3,632 mi."
"733","2018 Porsche 718 Boxster S","$73,900","19,487 mi."
"734","2022 Porsche 718 Boxster S","$96,000","3,609 mi."
"735","2018 Porsche Panamera 4S","$73,500","48,658 mi."
"736","2009 Porsche Cayenne Base","$8,950","194,868 mi."
"737","2020 Porsche Panamera 4S","$102,169","20,343 mi."
"738","2018 Porsche Panamera 4S","$81,750","22,000 mi."
"739","2018 Porsche 911 GT3","$249,995","3,002 mi."
"740","2006 Porsche Cayman S","$35,995","48,014 mi."
"741","2018 Porsche 718 Boxster S","$72,995","14,993 mi."
"742","1999 Porsche 911 Carrera","$35,990","33,903 mi."
"743","1975 Porsche 911 S","$69,990","21,356 mi."
"744","2009 Porsche Boxster S","$39,999","36,093 mi."
"745","2021 Porsche 718 Boxster 25 Years","$114,994","3,458 mi."
"746","2011 Porsche Cayenne Base","$24,990","67,462 mi."
"747","2014 Porsche Cayenne ","$30,590","71,234 mi."
"748","2013 Porsche Cayenne GTS","$34,985","88,330 mi."
"749","2019 Porsche 911 Turbo","$169,995","7,350 mi."
"750","2017 Porsche Cayenne Platinum Edition","$42,998","52,940 mi."
"751","2020 Porsche Cayenne Turbo Coupe AWD","$121,999","28,700 mi."
"752","2008 Porsche Cayenne S","$14,490","133,060 mi."
"753","2019 Porsche Cayenne Base","$57,695","47,064 mi."
"754","2020 Porsche Panamera GTS","$122,991","8,229 mi."
"755","2003 Porsche 911 Carrera Cabriolet","$40,000","65,764 mi."
"756","2002 Porsche 911 Carrera Cabriolet","$29,000","119,356 mi."
"757","2002 Porsche 911 Carrera Turbo","$70,000","60,139 mi."
"758","1974 Porsche 911 Targa","$39,000","6,368 mi."
"759","2021 Porsche 911 Targa 4S","$230,000","1,172 mi."
"760","1987 Porsche 944 S","$28,000","170,483 mi."
"761","1985 Porsche 928 S","$30,000","51,014 mi."
"762","2018 Porsche 911 Turbo","$158,800","5,903 mi."
"763","2018 Porsche Cayenne ","$46,405","31,825 mi."
"764","2017 Porsche Macan S","$35,000","70,225 mi."
"765","2017 Porsche Cayenne ","$45,590","38,886 mi."
"766","2018 Porsche Macan Turbo","$58,990","45,204 mi."
"767","2017 Porsche Macan Base","$36,990","45,412 mi."
"768","2014 Porsche Boxster Base","$38,990","59,463 mi."
"769","2017 Porsche Macan GTS","$53,995","46,949 mi."
"770","2021 Porsche Macan Base","$55,995","16,312 mi."
"771","2019 Porsche Macan S","$59,995","33,693 mi."
"772","2018 Porsche Macan Base","$41,995","34,421 mi."
"773","2012 Porsche Cayenne S","$28,990","73,246 mi."
"774","2019 Porsche 911 GT3 RS","$254,995","2,101 mi."
"775","2017 Porsche 911 Carrera 4S","$112,500","22,446 mi."
"776","2015 Porsche 911 Turbo","$121,500","38,499 mi."
"777","2019 Porsche Macan Base","$53,995","14,727 mi."
"778","2020 Porsche 911 Carrera 4S","$144,945","24,090 mi."
"779","2022 Porsche 911 Carrera","$147,747","975 mi."
"780","2016 Porsche 911 GT3 RS","$214,994","19,271 mi."
"781","2020 Porsche 911 Carrera S","$139,899","17,576 mi."
"782","2019 Porsche 911 Carrera S","$122,455","13,088 mi."
"783","2019 Porsche Cayenne E-Hybrid Base","$72,899","31,880 mi."
"784","2020 Porsche Macan Base","$56,774","17,840 mi."
"785","2021 Porsche Macan Base","$56,780","17,805 mi."
"786","2016 Porsche Macan Turbo","$47,950","46,094 mi."
"787","2022 Porsche Cayenne GTS","$124,695","5,690 mi."
"788","2020 Porsche 911 Carrera 4S","$149,979","18,895 mi."
"789","2017 Porsche 718 Boxster Base","$49,980","50,391 mi."
"790","2019 Porsche Macan Base","$50,499","38,209 mi."
"791","2018 Porsche 718 Cayman S","$71,412","14,006 mi."
"792","2018 Porsche Macan S","$45,000","38,480 mi."
"793","2017 Porsche 911 Carrera 4S","$95,000","54,086 mi."
"794","2016 Porsche Boxster Black Edition","$47,590","21,524 mi."
"795","2007 Porsche 911 Carrera S Cabriolet","$46,888","35,608 mi."
"796","2019 Porsche 911 GT3","$180,000","29,266 mi."
"797","2011 Porsche Panamera 4","$28,996","99,987 mi."
"798","2017 Porsche Macan S","$35,962","67,355 mi."
"799","2018 Porsche Macan GTS","$65,900","36,066 mi."
"800","2019 Porsche 718 Cayman Clubsport Competition","$249,900","4,138 mi."
"801","2011 Porsche Boxster Base","$31,590","59,834 mi."
"802","2011 Porsche Boxster Base","$34,990","35,252 mi."
"803","2009 Porsche Boxster ","$31,990","57,135 mi."
"804","2018 Porsche 911 Turbo S","$214,900","5,903 mi."
"805","2018 Porsche 911 Carrera S","$129,900","5,697 mi."
"806","2018 Porsche Macan GTS","$57,900","54,123 mi."
"807","2018 Porsche 911 Carrera S","$114,900","20,386 mi."
"808","2014 Porsche Cayenne ","$29,990","64,506 mi."
"809","2014 Porsche Cayenne Platinum Edition","$23,296","105,466 mi."
"810","2021 Porsche Cayenne S","$90,576","27,525 mi."
"811","2022 Porsche Cayenne Turbo GT","$229,442","1,933 mi."
"812","2016 Porsche Macan S","$33,301","64,404 mi."
"813","2014 Porsche Panamera 4","$33,500","76,205 mi."
"814","2017 Porsche Macan Base","$34,990","64,873 mi."
"815","2019 Porsche Cayenne Base","$51,980","75,552 mi."
"816","2015 Porsche Boxster Base","$45,990","26,781 mi."
"817","2019 Porsche Cayenne Base","$58,991","45,336 mi."
"818","2017 Porsche Macan Base","$38,990","33,219 mi."
"819","2020 Porsche Taycan 4S","$121,294","11,568 mi."
"820","2020 Porsche Macan Turbo","$82,108","40,066 mi."
"821","1997 Porsche 911 Carrera Cabriolet","$92,800","21,074 mi."
"822","1995 Porsche 911 Carrera Cabriolet","$86,800","55,638 mi."
"823","2012 Porsche Cayenne Hybrid S","$17,777","107,917 mi."
"824","2018 Porsche Panamera 4","$65,700","59,936 mi."
"825","2019 Porsche Macan Base","$48,300","38,568 mi."
"826","2002 Porsche 911 Turbo","$59,900","70,040 mi."
"827","2021 Porsche Macan Base","$56,777","16,482 mi."
"828","2016 Porsche Cayenne Base","$31,995","66,352 mi."
"829","2018 Porsche 911 GT3","$189,999","4,525 mi."
"830","2017 Porsche Cayenne GTS","$60,997","24,299 mi."
"831","2015 Porsche Panamera 4","$39,900","93,100 mi."
"832","2015 Porsche Panamera 4","$36,500","92,701 mi."
"833","2018 Porsche 911 GT3","$194,800","9,922 mi."
"834","2014 Porsche Cayenne Platinum Edition","$31,950","83,325 mi."
"835","2015 Porsche Macan Turbo","$40,995","66,183 mi."
"836","1988 Porsche 911 Cabriolet","$119,990","17,541 mi."
"837","2009 Porsche Boxster Base (M6)","$26,872","45,333 mi."
"838","2012 Porsche Cayenne S","$23,888","85,437 mi."
"839","2016 Porsche Cayenne Base","$36,590","59,580 mi."
"840","2006 Porsche 911 Carrera Cabriolet","$38,995","59,894 mi."
"841","2011 Porsche Boxster S","$42,985","39,595 mi."
"842","2020 Porsche Panamera Turbo","$161,855","2,753 mi."
"843","2020 Porsche Macan S","$56,959","38,089 mi."
"844","2020 Porsche Macan Base","$47,809","22,320 mi."
"845","2017 Porsche Macan Base","$30,779","68,333 mi."
"846","2018 Porsche Cayenne Turbo","$77,900","28,447 mi."
"847","2016 Porsche Macan S","$41,997","24,865 mi."
"848","2021 Porsche Cayenne S Coupe AWD","$95,995","11,987 mi."
"849","2018 Porsche Cayenne Platinum Edition","$45,991","47,346 mi."
"850","2016 Porsche Macan Turbo","$39,990","71,669 mi."
"851","1990 Porsche 944 2dr Coupe Cabriolet","$37,000","20,268 mi."
"852","2020 Porsche Cayenne S Coupe AWD","$88,994","22,564 mi."
"853","1978 Porsche 928 ","$18,500","287,822 mi."
"854","2003 Porsche Boxster Base","$21,000","94,509 mi."
"855","1999 Porsche 911 Carrera","$20,000","132,829 mi."
"856","2015 Porsche Macan S","$21,921","100,014 mi."
"857","2018 Porsche Macan Base (PDK)","$46,777","42,168 mi."
"858","2015 Porsche Macan Turbo","$41,977","67,527 mi."
"859","2017 Porsche Macan GTS","$41,985","78,402 mi."
"860","2018 Porsche Cayenne S","$58,590","18,631 mi."
"861","2015 Porsche Macan S","$34,590","62,335 mi."
"862","2019 Porsche Cayenne Base","$60,590","25,517 mi."
"863","2016 Porsche Cayenne S","$38,990","65,498 mi."
"864","2018 Porsche Macan ","$41,990","33,536 mi."
"865","2005 Porsche 911 Carrera S","$59,995","41,859 mi."
"866","2019 Porsche Cayenne E-Hybrid Base","$78,990","20,439 mi."
"867","2017 Porsche Macan Turbo","$37,000","93,176 mi."
"868","2017 Porsche 911 Turbo S","$179,900","8,128 mi."
"869","2015 Porsche Macan S","$29,995","85,915 mi."
"870","2019 Porsche Macan Base","$54,860","23,600 mi."
"871","2021 Porsche Cayenne AWD","$85,995","2,535 mi."
"872","2021 Porsche Macan Base","$58,851","19,935 mi."
"873","2021 Porsche Cayenne Base","$79,995","8,153 mi."
"874","2021 Porsche Cayenne S Coupe AWD","$100,395","12,709 mi."
"875","2014 Porsche Cayenne Hybrid S","$29,990","76,319 mi."
"876","2021 Porsche Cayenne GTS","$121,695","11,722 mi."
"877","2018 Porsche Macan GTS","$46,980","61,620 mi."
"878","2016 Porsche Cayenne Base","$30,999","77,237 mi."
"879","2017 Porsche 911 Carrera S","$115,992","15,559 mi."
"880","2009 Porsche Boxster ","$28,999","77,465 mi."
"881","2001 Porsche Boxster ","$14,999","83,415 mi."
"882","2019 Porsche Panamera GTS","$114,350","27,673 mi."
"883","2018 Porsche Panamera Turbo","$102,510","40,736 mi."
"884","2021 Porsche Cayenne Base","$76,889","14,110 mi."
"885","2019 Porsche Cayenne S","$75,995","25,414 mi."
"886","2019 Porsche Cayenne S","$74,800","25,625 mi."
"887","2019 Porsche Cayenne Base","$57,888","29,449 mi."
"888","2018 Porsche 718 Boxster GTS","$78,000","20,972 mi."
"889","2015 Porsche Cayenne E-Hybrid S","$38,495","72,351 mi."
"890","2014 Porsche Cayenne S","$32,995","72,873 mi."
"891","2014 Porsche Cayenne Platinum Edition","$32,995","62,183 mi."
"892","2002 Porsche Boxster S","$23,995","48,525 mi."
"893","2015 Porsche Panamera GTS","$69,995","33,735 mi."
"894","2015 Porsche Boxster Base","$59,995","20,610 mi."
"895","2004 Porsche 911 Carrera Cabriolet","$39,995","69,456 mi."
"896","2016 Porsche Macan S","$33,962","66,288 mi."
"897","2019 Porsche 911 GT3 RS","$269,900","4,460 mi."
"898","2019 Porsche 911 GT3 RS","$269,900","4,184 mi."
"899","2015 Porsche Macan S","$40,990","31,054 mi."
"900","2020 Porsche 718 Cayman GT4 Clubsport Trackday","$244,900","650 mi."
"901","2022 Porsche Taycan 4S","$139,900","6,556 mi."
"902","2022 Porsche Cayenne S Platinum Edition","$119,900","10 mi."
"903","2022 Porsche Taycan 4S","$163,900","52 mi."
"904","2023 Porsche Cayenne ","$99,900","10 mi."
"905","2023 Porsche Cayenne Platinum Edition","$95,900","8 mi."
"906","2023 Porsche Cayenne Platinum Edition","$112,900","0 mi."
"907","2022 Porsche Macan Base (PDK)","$74,900","10 mi."
"908","2023 Porsche Cayenne Platinum Edition","$111,900","0 mi."
"909","2019 Porsche Macan Base (PDK)","$52,900","26,043 mi."
"910","2017 Porsche 718 Boxster S","$73,996","8,573 mi."
"911","2004 Porsche 911 Carrera Cabriolet","$33,900","81,156 mi."
"912","2018 Porsche 911 GT3","Not Priced","44,868 mi."
"913","2005 Porsche 911 Carrera Cabriolet","$39,500","105 mi."
"914","2021 Porsche Panamera S","$99,900","17,964 mi."
"915","2021 Porsche 718 Boxster ","$76,998","780 mi."
"916","2018 Porsche Macan Base","$42,990","30,339 mi."
"917","2022 Porsche 718 Boxster GTS 4.0","$126,990","8,199 mi."
"918","2018 Porsche 911 Turbo S","$173,990","30,807 mi."
"919","2021 Porsche Cayenne GTS","$115,890","28,802 mi."
"920","2015 Porsche Macan S","$33,995","83,932 mi."
"921","2017 Porsche 911 Carrera","$98,850","9,287 mi."
"922","2021 Porsche Macan S","$67,850","5,566 mi."
"923","2016 Porsche 911 Turbo S","$149,850","30,486 mi."
"924","2004 Porsche Cayenne Turbo","$6,999","112,000 mi."
"925","2012 Porsche Cayenne Base","$18,549","129,653 mi."
"926","2013 Porsche Panamera 4S","$30,995","93,221 mi."
"927","2014 Porsche Cayenne ","$33,775","43,186 mi."
"928","2000 Porsche Boxster ","$18,985","53,461 mi."
"929","2016 Porsche Panamera 4S","$41,990","89,413 mi."
"930","2014 Porsche Panamera 2","$32,998","97,257 mi."
"931","2015 Porsche Boxster Base","$42,500","59,840 mi."
"932","2018 Porsche Macan ","$43,590","25,805 mi."
"933","2021 Porsche 911 Carrera 4S","$170,235","1,442 mi."
"934","2011 Porsche 911 Turbo S","$114,995","22,040 mi."
"935","2006 Porsche Cayenne Base","$10,900","121,000 mi."
"936","2019 Porsche 911 Turbo","$184,187","8,674 mi."
"937","2013 Porsche Cayenne S","$31,590","77,260 mi."
"938","2019 Porsche Cayenne Base","$61,995","23,594 mi."
"939","2012 Porsche Cayenne Turbo","$33,795","81,123 mi."
"940","2011 Porsche Cayenne S","$13,888","189,691 mi."
"941","1997 Porsche Boxster ","$11,888","63,106 mi."
"942","2019 Porsche Panamera GTS","$113,900","25,144 mi."
"943","2021 Porsche Cayenne GTS","$119,500","11,081 mi."
"944","1998 Porsche Boxster Base","$8,500","107,000 mi."
"945","2018 Porsche Macan Turbo","$68,000","55,403 mi."
"946","2014 Porsche Cayenne Hybrid S","$26,875","78,790 mi."
"947","2018 Porsche Panamera E-Hybrid 4","$74,850","29,635 mi."
"948","2012 Porsche Cayenne S","$31,995","64,999 mi."
"949","2016 Porsche Macan S","$31,900","94,498 mi."
"950","2015 Porsche Boxster GTS","$54,950","80,150 mi."
"951","2020 Porsche 911 Carrera 4S","$153,490","2,039 mi."
"952","2009 Porsche Boxster ","$30,590","77,304 mi."
"953","2012 Porsche Cayenne Base","$16,981","176,689 mi."
"954","2016 Porsche Macan S","$36,590","51,074 mi."
"955","2005 Porsche Cayenne S","$8,980","119,573 mi."
"956","2015 Porsche Macan S","$25,995","100,304 mi."
"957","2015 Porsche Macan Turbo","$39,400","54,031 mi."
"958","2020 Porsche 911 Carrera","$125,000","3,637 mi."
"959","2011 Porsche 911 Carrera S","$66,800","44,070 mi."
"960","1997 Porsche 911 Carrera Cabriolet","$89,000","47,168 mi."
"961","2008 Porsche Cayenne Turbo","$19,500","114,230 mi."
"962","2007 Porsche Boxster ","$17,500","106,726 mi."
"963","2006 Porsche Cayenne Turbo","$10,000","107,825 mi."
"964","2009 Porsche Boxster S","$36,590","51,853 mi."
"965","2019 Porsche Macan S","$56,990","19,775 mi."
"966","2010 Porsche Boxster S","$39,990","39,961 mi."
"967","2017 Porsche Macan S","$36,990","70,929 mi."
"968","2011 Porsche Boxster S","$44,590","25,286 mi."
"969","2015 Porsche Macan Turbo","$43,990","64,707 mi."
"970","2009 Porsche Boxster ","$35,995","32,078 mi."
"971","2021 Porsche Macan Base","$58,995","11,091 mi."
"972","2021 Porsche Macan Base","$58,995","10,629 mi."
"973","2015 Porsche 911 Carrera 4 GTS","$119,995","9,167 mi."
"974","2011 Porsche Cayenne Base","$26,990","60,507 mi."
"975","2017 Porsche 911 Carrera S","$109,995","26,121 mi."
"976","2022 Porsche 911 Targa 4S","$219,756","579 mi."
"977","2020 Porsche 911 Carrera 4S","$159,985","1,765 mi."
"978","2019 Porsche 718 Boxster Base","$70,095","13,132 mi."
"979","2020 Porsche 911 Carrera 4S","$157,985","13,015 mi."
"980","2016 Porsche Boxster Base","$49,998","17,669 mi."
"981","2010 Porsche Boxster ","$32,990","44,118 mi."
"982","2017 Porsche Cayenne ","$30,999","82,116 mi."
"983","2006 Porsche 911 Carrera 4S","$50,000","85,099 mi."
"984","2009 Porsche Boxster ","$31,590","54,979 mi."
"985","2017 Porsche 911 Carrera","$109,900","15,088 mi."
"986","2001 Porsche Boxster ","$13,999","95,257 mi."
"987","2010 Porsche Panamera 4S","$28,998","97,529 mi."
"988","2021 Porsche Cayenne S","$95,550","15,239 mi."
"989","2020 Porsche Panamera 4","$77,573","52,110 mi."
"990","2017 Porsche Macan S","$30,994","84,671 mi."
"991","2019 Porsche Cayenne E-Hybrid Base","$80,590","12,174 mi."
"992","2013 Porsche Boxster Base","$46,990","15,980 mi."
"993","2005 Porsche 911 Turbo S","$89,995","35,344 mi."
"994","2018 Porsche Cayenne Platinum Edition","$51,988","45,680 mi."
"995","2016 Porsche Cayenne GTS","$45,900","65,152 mi."
"996","2017 Porsche Cayenne Platinum Edition","$31,995","94,458 mi."
"997","2018 Porsche Panamera E-Hybrid 4","$75,961","48,338 mi."
"998","2020 Porsche Taycan 4S","$118,282","20,377 mi."
"999","2019 Porsche 718 Cayman Base","$68,079","10,832 mi."
"1000","2018 Porsche 911 Targa 4S","$146,494","49,539 mi."
"1001","2019 Porsche 718 Cayman GTS","$83,861","28,163 mi."
"1002","2021 Porsche Cayenne S","$94,215","9,201 mi."
"1003","2019 Porsche Cayenne Base","$64,936","26,055 mi."
"1004","2017 Porsche 718 Cayman S","$74,461","9,172 mi."
"1005","2021 Porsche Cayenne GTS","$119,566","36,549 mi."
"1006","2016 Porsche Macan S","$40,814","48,051 mi."
"1007","2019 Porsche 911 Carrera 4S","$135,272","13,975 mi."
"1008","2015 Porsche Macan Turbo","$42,595","73,086 mi."
"1009","2016 Porsche Cayenne Base","$29,994","85,137 mi."
"1010","2015 Porsche Cayenne Turbo","$36,580","104,473 mi."
"1011","2018 Porsche Macan GTS","$52,933","46,915 mi."
"1012","2018 Porsche Panamera Base","$66,500","41,730 mi."
"1013","2006 Porsche 911 Carrera 4S Cabriolet","$40,900","80,625 mi."
"1014","2016 Porsche Macan Turbo","$44,995","35,824 mi."
"1015","2018 Porsche 911 Carrera S","$119,995","22,266 mi."
"1016","1974 Porsche 914 ","$25,799","95,420 mi."
"1017","2012 Porsche 911 Carrera S","$69,900","79,192 mi."
"1018","2021 Porsche Taycan Turbo","$151,900","21,583 mi."
"1019","2011 Porsche Cayenne Turbo","$37,999","43,902 mi."
"1020","2017 Porsche Cayenne Platinum Edition","Not Priced","63,269 mi."
"1021","2020 Porsche Macan S","Not Priced","19,525 mi."
"1022","2020 Porsche Cayenne S","$81,900","33,393 mi."
"1023","2019 Porsche Panamera GTS","$119,900","11,729 mi."
"1024","2014 Porsche Panamera Turbo","$55,900","60,550 mi."
"1025","2008 Porsche 911 Carrera S Cabriolet","$55,900","28,622 mi."
"1026","2017 Porsche 911 Carrera","$84,900","36,084 mi."
"1027","2020 Porsche Panamera GTS","Not Priced","36,450 mi."
"1028","2012 Porsche 911 Carrera","Not Priced","31,654 mi."
"1029","2018 Porsche Macan GTS","Not Priced","44,355 mi."
"1030","2017 Porsche Macan GTS","$41,995","61,951 mi."
"1031","2017 Porsche Macan GTS","$39,745","76,852 mi."
"1032","2017 Porsche Macan GTS","$43,649","59,923 mi."
"1033","2008 Porsche Boxster S","$26,995","68,020 mi."
"1034","2018 Porsche Macan S","$34,987","65,386 mi."
"1035","2012 Porsche Panamera 4","$31,987","76,466 mi."
"1036","2017 Porsche Panamera 4","$59,987","55,269 mi."
"1037","2015 Porsche Cayenne E-Hybrid S","$45,000","43,890 mi."
"1038","2020 Porsche Panamera 4S","$94,900","28,340 mi."
"1039","2019 Porsche Cayenne S","$69,000","38,179 mi."
"1040","2019 Porsche Cayenne S","$67,900","50,406 mi."
"1041","2022 Porsche 911 Turbo S","$269,000","3,237 mi."
"1042","2018 Porsche Macan Base","$40,000","59,549 mi."
"1043","2022 Porsche 718 Boxster Base","Not Priced","6,547 mi."
"1044","2014 Porsche Panamera Turbo","$49,000","64,908 mi."
"1045","2018 Porsche Panamera Sport Turismo Turbo","$105,991","16,154 mi."
"1046","2018 Porsche 911 GT3","$191,640","7,300 mi."
"1047","2019 Porsche Panamera E-Hybrid 4","$75,850","39,277 mi."
"1048","2006 Porsche Boxster Base","$22,900","63,500 mi."
"1049","2008 Porsche 911 Turbo Cabriolet","$78,500","51,000 mi."
"1050","2011 Porsche Boxster Base","$24,777","87,068 mi."
"1051","2021 Porsche 911 Carrera","$103,995","15,573 mi."
"1052","2012 Porsche Cayenne S","Not Priced","114,793 mi."
"1053","2003 Porsche Boxster S","Not Priced","66,284 mi."
"1054","2005 Porsche Carrera GT Base (M6)","$1,179,000","14,576 mi."
"1055","2015 Porsche 911 Turbo S","Not Priced","26,095 mi."
"1056","2015 Porsche 911 GT3","$159,800","17,756 mi."
"1057","2021 Porsche 718 Cayman COUPE! SEATS! PDK! LOW MILES! CLEAN CARFAX!","$68,800","15,379 mi."
"1058","2018 Porsche 911 GT3","$274,800","3,676 mi."
"1059","2020 Porsche Cayenne Turbo","$105,800","50,862 mi."
"1060","2022 Porsche 911 Carrera 4 GTS","$199,800","15 mi."
"1061","2022 Porsche 911 Carrera S","$184,800","2,956 mi."
"1062","2019 Porsche 911 GT3 RS","$315,800","8,590 mi."
"1063","2020 Porsche Cayenne S","$80,800","25,851 mi."
"1064","2021 Porsche 911 Targa 4S","$199,800","6,505 mi."
"1065","2014 Porsche 911 Turbo S","Not Priced","33,059 mi."
"1066","2005 Porsche Carrera GT ","Not Priced","1,230 mi."
"1067","2015 Porsche 918 Spyder ONLY 1 592 MILES! RARE LTS INTERIOR! FULL PPF! LOA","Not Priced","1,592 mi."
"1068","2003 Porsche 911 Carrera","$42,986","23,327 mi."
"1069","2014 Porsche 911 Carrera","$69,990","72,288 mi."
"1070","2002 Porsche 911 Carrera 4 Cabriolet","$30,695","59,193 mi."
"1071","2017 Porsche 718 Boxster Base","$42,999","63,245 mi."
"1072","1971 Porsche 911 Base","$79,950","42,832 mi."
"1073","2014 Porsche Cayenne Platinum Edition","Not Priced","163,346 mi."
"1074","2006 Porsche 911 Carrera 4S Cabriolet","$49,995","43,244 mi."
"1075","2017 Porsche Panamera 4S","$69,999","32,562 mi."
"1076","2021 Porsche Macan Base","$58,994","4,001 mi."
"1077","2021 Porsche Macan GTS","$86,994","8,870 mi."
"1078","2020 Porsche 911 Carrera S","$132,994","15,700 mi."
"1079","2014 Porsche 911 50th Anniversary Edition","$149,899","18,739 mi."
"1080","2015 Porsche 911 Turbo S","$144,994","39,096 mi."
"1081","2021 Porsche 911 Turbo S","Not Priced","6,412 mi."
"1082","2006 Porsche Cayenne S","$7,950","165,504 mi."
"1083","2004 Porsche Cayenne V6","$10,249","70,689 mi."
"1084","2005 Porsche Boxster Base (M5)","$17,999","49,993 mi."
"1085","2003 Porsche Boxster Base (M5)","$13,999","61,190 mi."
"1086","2015 Porsche 911 Carrera","$77,000","42,440 mi."
"1087","2020 Porsche Macan S","$62,995","18,012 mi."
"1088","2005 Porsche 911 Carrera C2S","$48,499","61,000 mi."
"1089","2017 Porsche Macan GTS","$34,190","106,950 mi."
"1090","2011 Porsche Boxster Base","$19,995","59,135 mi."
"1091","2018 Porsche 718 Boxster S","$83,858","5,143 mi."
"1092","2000 Porsche 911 Carrera","$22,500","75,500 mi."
"1093","2022 Porsche Macan ","$65,991","2,959 mi."
"1094","2022 Porsche Macan ","$64,791","3,134 mi."
"1095","2017 Porsche Macan S","$42,990","39,813 mi."
"1096","2021 Porsche Macan ","$71,891","2,975 mi."
"1097","2016 Porsche Cayenne E-Hybrid ","$37,691","61,337 mi."
"1098","2022 Porsche Cayenne ","$81,951","2,987 mi."
"1099","2022 Porsche Macan ","$78,991","3,767 mi."
"1100","2022 Porsche Macan ","$63,598","3,330 mi."
"1101","2020 Porsche Cayenne ","$139,991","8,629 mi."
"1102","2021 Porsche Cayenne ","$76,991","8,614 mi."
"1103","2022 Porsche Macan ","$68,591","2,164 mi."
"1104","2022 Porsche Macan ","$79,991","2,134 mi."
"1105","2022 Porsche Macan ","$62,750","4,595 mi."
"1106","2018 Porsche Cayenne ","$46,759","43,356 mi."
"1107","2021 Porsche Panamera ","$114,590","9,071 mi."
"1108","2021 Porsche Cayenne ","$74,915","12,453 mi."
"1109","2022 Porsche Macan ","$63,709","3,657 mi."
"1110","2021 Porsche Taycan ","$121,991","3,345 mi."
"1111","2021 Porsche Taycan ","$113,991","6,220 mi."
"1112","2014 Porsche Panamera 2","$36,900","86,528 mi."
"1113","2018 Porsche Panamera 4","$69,999","41,808 mi."
"1114","2017 Porsche Macan Base","$33,574","66,637 mi."
"1115","2021 Porsche Taycan Base","$109,999","15,348 mi."
"1116","2019 Porsche Panamera 4","$69,000","44,932 mi."
"1117","2017 Porsche Macan Base","$41,200","25,688 mi."
"1118","2014 Porsche Cayenne S","$30,875","62,607 mi."
"1119","2022 Porsche 911 Carrera S","$165,888","2,850 mi."
"1120","2016 Porsche Cayenne Turbo","$55,800","31,800 mi."
"1121","2010 Porsche Panamera 4S","$34,900","54,344 mi."
"1122","2008 Porsche Boxster S","$25,523","74,775 mi."
"1123","2008 Porsche 911 Carrera S","$59,499","43,387 mi."
"1124","2018 Porsche Panamera Turbo","$94,990","26,927 mi."
"1125","2006 Porsche 911 Carrera","Not Priced","34,793 mi."
"1126","2016 Porsche 911 Targa 4","$114,800","14,774 mi."
"1127","2011 Porsche Boxster S","$42,800","31,949 mi."
"1128","2011 Porsche 911 Targa 4S","Not Priced","71,109 mi."
"1129","2015 Porsche Macan Turbo","Not Priced","47,212 mi."
"1130","2021 Porsche Macan Base","$60,004","18 mi."
"1131","2020 Porsche Macan S","$60,991","19,322 mi."
"1132","2020 Porsche Taycan 4S","$104,123","9,856 mi."
"1133","2020 Porsche Panamera E-Hybrid 4 E-Hybrid","$86,690","25,773 mi."
"1134","2020 Porsche Taycan 4S","$101,668","24,672 mi."
"1135","2021 Porsche Cayenne E-Hybrid AWD","$84,625","9,649 mi."
"1136","2020 Porsche Taycan Turbo","$130,908","2,783 mi."
"1137","2020 Porsche Taycan Turbo","$132,991","12,846 mi."
"1138","2018 Porsche Panamera 4S","$82,991","34,556 mi."
"1139","2019 Porsche Cayenne Turbo","$89,991","34,004 mi."
"1140","2019 Porsche Cayenne Base","Not Priced","28,071 mi."
"1141","2020 Porsche Taycan 4S","$105,000","5,140 mi."
"1142","2010 Porsche 911 GT3","$175,000","10,898 mi."
"1143","2020 Porsche Taycan Turbo S","$152,995","9,439 mi."
"1144","2021 Porsche Taycan Turbo S","$164,991","8,216 mi."
"1145","2009 Porsche 911 Carrera S Cabriolet","$47,500","85,780 mi."
"1146","2020 Porsche Taycan Turbo S","$149,201","4,489 mi."
"1147","2020 Porsche Cayenne Turbo","$116,665","27,692 mi."
"1148","2020 Porsche Taycan 4S","$101,667","6,649 mi."
"1149","2020 Porsche 911 Carrera S","$131,991","16,004 mi."
"1150","2022 Porsche 911 GT3","$270,000","1,631 mi."
"1151","2021 Porsche Cayenne E-Hybrid Coupe Base","$92,991","21,058 mi."
"1152","2022 Porsche Panamera ","$105,000","15 mi."
"1153","2020 Porsche Panamera 4","$83,995","15,090 mi."
"1154","2018 Porsche Macan S","$44,991","43,842 mi."
"1155","2018 Porsche Panamera 4S","$64,991","65,883 mi."
"1156","2019 Porsche Cayenne E-Hybrid Base","$67,995","34,862 mi."
"1157","2019 Porsche Cayenne Turbo","$107,000","8,977 mi."
"1158","2019 Porsche Cayenne Turbo","$93,050","26,831 mi."
"1159","2021 Porsche Cayenne GTS","$116,000","2,867 mi."
"1160","2020 Porsche Taycan Turbo S","$157,000","9,075 mi."
"1161","2020 Porsche Taycan 4S","$101,994","8,505 mi."
"1162","2020 Porsche Taycan 4S","$102,361","5,355 mi."
"1163","2022 Porsche Macan Base","$69,991","14 mi."
"1164","2022 Porsche Macan Base","$69,420","10 mi."
"1165","2018 Porsche Panamera E-Hybrid 4","$67,991","58,217 mi."
"1166","2022 Porsche 718 Cayman T","Not Priced","2,255 mi."
"1167","2007 Porsche Cayman ","$23,995","61,675 mi."
"1168","2020 Porsche Taycan Turbo","$124,995","13,556 mi."
"1169","2020 Porsche Taycan 4S","$105,000","11,632 mi."
"1170","2006 Porsche Cayenne S","Not Priced","136,695 mi."
"1171","2019 Porsche Cayenne S","$71,994","35,616 mi."
"1172","2019 Porsche Cayenne E-Hybrid Base","$72,881","31,768 mi."
"1173","2021 Porsche Macan S","Not Priced","1,939 mi."
"1174","2013 Porsche Cayenne Diesel","Not Priced","90,725 mi."
"1175","2016 Porsche Cayenne Turbo","$62,991","64,872 mi."
"1176","2005 Porsche Boxster S","Not Priced","137,644 mi."
"1177","2020 Porsche 911 ","$129,991","18,464 mi."
"1178","2021 Porsche Macan Turbo","$84,990","9,469 mi."
"1179","2021 Porsche Macan GTS","$78,920","13,587 mi."
"1180","2019 Porsche Macan Base","$50,989","11,159 mi."
"1181","2018 Porsche Macan GTS","$53,997","59,461 mi."
"1182","2013 Porsche Boxster Base","$37,297","33,721 mi."
"1183","2017 Porsche Macan S","$37,995","48,341 mi."
"1184","2022 Porsche Cayenne ","$76,998","5,272 mi."
"1185","2010 Porsche Panamera S","$30,599","85,003 mi."
"1186","1999 Porsche Boxster Base (M5)","$9,990","109,157 mi."
"1187","2014 Porsche Panamera E-Hybrid S","$29,500","129,753 mi."
"1188","2015 Porsche Macan S","$34,271","52,173 mi."
"1189","2018 Porsche Macan Base","$40,000","37,092 mi."
"1190","2009 Porsche Boxster S","$36,250","50,639 mi."
"1191","2019 Porsche 718 Boxster GTS","$75,800","12,813 mi."
"1192","2021 Porsche Taycan 4S","Not Priced","5,100 mi."
"1193","2019 Porsche 718 Boxster GTS","$75,800","12,813 mi."
"1194","2022 Porsche 911 Carrera","$156,995","564 mi."
"1195","2021 Porsche Macan S","$72,995","9,576 mi."
"1196","2021 Porsche Panamera 4","$99,995","10,124 mi."
"1197","2021 Porsche 718 Boxster Base","$75,995","14,606 mi."
"1198","2021 Porsche Taycan 4S","$130,995","4,038 mi."
"1199","2021 Porsche Cayenne S","$94,995","11,275 mi."
"1200","2021 Porsche Macan Base","$58,995","12,572 mi."
"1201","2022 Porsche Taycan 4S","$134,920","14,821 mi."
"1202","2021 Porsche Macan Base","$55,995","11,764 mi."
"1203","2021 Porsche Macan GTS","$95,995","8,304 mi."
"1204","2022 Porsche 911 GT3","$279,995","2,654 mi."
"1205","2013 Porsche Panamera 4","$28,495","99,139 mi."
"1206","2014 Porsche Cayenne Hybrid S","$22,478","103,967 mi."
"1207","2018 Porsche Macan Base","$38,373","53,854 mi."
"1208","2019 Porsche 911 ","Not Priced","13,089 mi."
"1209","1968 Porsche 912 RS","$99,995","8,316 mi."
"1210","2013 Porsche Panamera GTS","$44,995","51,961 mi."
"1211","2010 Porsche 911 Turbo","$95,616","37,119 mi."
"1212","2019 Porsche 911 Targa 4S","$159,985","10,771 mi."
"1213","2018 Porsche Macan ","$46,830","33,532 mi."
"1214","2021 Porsche Macan S","$67,985","17,166 mi."
"1215","2022 Porsche Taycan Cross Turismo 4S","$174,985","3,224 mi."
"1216","2021 Porsche 911 Turbo S","$279,985","85 mi."
"1217","2016 Porsche 911 Targa 4S","$129,985","24,324 mi."
"1218","2021 Porsche Cayenne Turbo","$129,997","5,992 mi."
"1219","2021 Porsche 718 Cayman GTS 4.0","$109,759","7,204 mi."
"1220","2014 Porsche Cayman Base","$48,989","29,749 mi."
"1221","2015 Porsche Macan S","$37,989","26,315 mi."
"1222","2019 Porsche Cayenne S","$79,851","23,549 mi."
"1223","2019 Porsche Cayenne S","$63,752","40,649 mi."
"1224","2022 Porsche Taycan Base","Not Priced","6,315 mi."
"1225","2008 Porsche Boxster Base","$21,995","75,682 mi."
"1226","2001 Porsche 911 Carrera","$29,995","0 mi."
"1227","2016 Porsche Cayenne S","$38,995","83,872 mi."
"1228","2015 Porsche Boxster Base","$44,995","47,113 mi."
"1229","2019 Porsche Cayenne E-Hybrid Base","$71,688","46,472 mi."
"1230","2018 Porsche Macan S","$39,992","44,923 mi."
"1231","2021 Porsche Macan Base","$61,804","2,305 mi."
"1232","2018 Porsche 718 Cayman S","$77,992","5,846 mi."
"1233","2018 Porsche Cayenne ","$49,998","35,067 mi."
"1234","2015 Porsche Panamera 4","$33,989","108,235 mi."
"1235","2013 Porsche Boxster S","$48,999","29,462 mi."
"1236","2018 Porsche 911 Carrera 4S","$119,000","19,542 mi."
"1237","2008 Porsche 911 Turbo Cabriolet","$79,950","53,069 mi."
"1238","2023 Porsche Cayenne AWD","$90,998","208 mi."
"1239","2022 Porsche 911 GT3","$299,900","441 mi."
"1240","2004 Porsche Carrera GT Base (M6)","Not Priced","4,750 mi."
"1241","2001 Porsche 911 Turbo","$53,999","79,865 mi."
"1242","2016 Porsche Panamera Turbo","$71,704","22,367 mi."
"1243","2009 Porsche Cayenne S","$8,999","152,328 mi."
"1244","2010 Porsche Boxster ","Not Priced","34,042 mi."
"1245","2018 Porsche Panamera 4S","$77,604","30,929 mi."
"1246","2022 Porsche 911 Turbo S","$284,777","621 mi."
"1247","2006 Porsche Boxster ","Not Priced","80,721 mi."
"1248","2014 Porsche Cayenne ","$24,999","48,423 mi."
"1249","2019 Porsche Cayenne Base","$55,749","56,000 mi."
"1250","2022 Porsche Cayenne Turbo GT","$219,888","75 mi."
"1251","2018 Porsche Panamera ","$92,890","14,959 mi."
"1252","2021 Porsche Macan ","$58,990","21,740 mi."
"1253","2019 Porsche 718 Cayman ","$68,990","25,046 mi."
"1254","2021 Porsche Macan ","$60,990","15,792 mi."
"1255","2022 Porsche Cayenne ","$86,464","9,662 mi."
"1256","2021 Porsche Macan ","$61,990","7,882 mi."
"1257","2018 Porsche Panamera E-Hybrid ","$79,990","42,343 mi."
"1258","2021 Porsche Cayenne ","$131,990","13,307 mi."
"1259","2020 Porsche 911 ","$131,500","14,069 mi."
"1260","2020 Porsche 911 ","$127,990","14,670 mi."
"1261","2017 Porsche 911 ","$119,198","11,071 mi."
"1262","2019 Porsche Cayenne ","$59,990","53,121 mi."
"1263","2018 Porsche 911 ","$169,990","8,854 mi."
"1264","2021 Porsche Macan ","$60,990","13,799 mi."
"1265","2021 Porsche Panamera ","$102,990","7,882 mi."
"1266","2021 Porsche Cayenne ","$77,986","13,820 mi."
"1267","2019 Porsche 718 Boxster ","$73,990","24,947 mi."
"1268","2017 Porsche Macan Base","$38,000","48,211 mi."
